{
    "loc_loss": {
        "train": [
            69.57127380371094,
            47.52047348022461,
            32.06513977050781
        ],
        "validation": [
            31.995849609375,
            87.61721801757812,
            72.36041259765625
        ]
    },
    "class_pos_loss": {
        "train": [
            10.701665878295898,
            6.235215187072754,
            3.713998794555664
        ],
        "validation": [
            6.5026774406433105,
            27.422893524169922,
            33.25019836425781
        ]
    },
    "class_neg_loss": {
        "train": [
            1.9265928268432617,
            3.0864081382751465,
            2.6719484329223633
        ],
        "validation": [
            0.5468734502792358,
            1.4298471212387085,
            1.1331467628479004
        ]
    },
    "metrics": [
        {
            "AR": {
                "f1": [
                    [
                        0.0,
                        0.0
                    ],
                    [
                        0.0,
                        0.3
                    ],
                    [
                        0.0,
                        0.5
                    ],
                    [
                        0.0,
                        0.7
                    ],
                    [
                        0.0,
                        0.9
                    ]
                ],
                "precision": [
                    [
                        0.0,
                        0.0
                    ],
                    [
                        0.0,
                        0.3
                    ],
                    [
                        0.0,
                        0.5
                    ],
                    [
                        0.0,
                        0.7
                    ],
                    [
                        0.0,
                        0.9
                    ]
                ],
                "recall": [
                    [
                        0.0,
                        0.0
                    ],
                    [
                        0.0,
                        0.3
                    ],
                    [
                        0.0,
                        0.5
                    ],
                    [
                        0.0,
                        0.7
                    ],
                    [
                        0.0,
                        0.9
                    ]
                ]
            },
            "LM": {
                "f1": [
                    [
                        0.0,
                        0.0
                    ],
                    [
                        0.0,
                        0.3
                    ],
                    [
                        0.0,
                        0.5
                    ],
                    [
                        0.0,
                        0.7
                    ],
                    [
                        0.0,
                        0.9
                    ]
                ],
                "precision": [
                    [
                        0.0,
                        0.0
                    ],
                    [
                        0.0,
                        0.3
                    ],
                    [
                        0.0,
                        0.5
                    ],
                    [
                        0.0,
                        0.7
                    ],
                    [
                        0.0,
                        0.9
                    ]
                ],
                "recall": [
                    [
                        0.0,
                        0.0
                    ],
                    [
                        0.0,
                        0.3
                    ],
                    [
                        0.0,
                        0.5
                    ],
                    [
                        0.0,
                        0.7
                    ],
                    [
                        0.0,
                        0.9
                    ]
                ]
            },
            "SDB": {
                "f1": [
                    [
                        0.0,
                        0.0
                    ],
                    [
                        0.0,
                        0.3
                    ],
                    [
                        0.0,
                        0.5
                    ],
                    [
                        0.0,
                        0.7
                    ],
                    [
                        0.0,
                        0.9
                    ]
                ],
                "precision": [
                    [
                        0.0,
                        0.0
                    ],
                    [
                        0.0,
                        0.3
                    ],
                    [
                        0.0,
                        0.5
                    ],
                    [
                        0.0,
                        0.7
                    ],
                    [
                        0.0,
                        0.9
                    ]
                ],
                "recall": [
                    [
                        0.0,
                        0.0
                    ],
                    [
                        0.0,
                        0.3
                    ],
                    [
                        0.0,
                        0.5
                    ],
                    [
                        0.0,
                        0.7
                    ],
                    [
                        0.0,
                        0.9
                    ]
                ]
            }
        },
        {
            "AR": {
                "f1": [
                    [
                        0.01584507042253521,
                        0.0
                    ],
                    [
                        NaN,
                        0.3
                    ],
                    [
                        NaN,
                        0.5
                    ],
                    [
                        NaN,
                        0.7
                    ],
                    [
                        NaN,
                        0.9
                    ]
                ],
                "precision": [
                    [
                        0.008482563619227144,
                        0.0
                    ],
                    [
                        NaN,
                        0.3
                    ],
                    [
                        NaN,
                        0.5
                    ],
                    [
                        NaN,
                        0.7
                    ],
                    [
                        NaN,
                        0.9
                    ]
                ],
                "recall": [
                    [
                        0.12,
                        0.0
                    ],
                    [
                        NaN,
                        0.3
                    ],
                    [
                        NaN,
                        0.5
                    ],
                    [
                        NaN,
                        0.7
                    ],
                    [
                        NaN,
                        0.9
                    ]
                ]
            },